Date,Exchange_Symbol,Trading_Volume,Volume_Weighted_Average_Price,Open_Price,Close_Price,Highest_Price,Lowest_Price,Unix_Msec_Timestamp,No_of_Transactions
17-08-2021,PWP,537779,13.7178,13.94,13.5,14.01,13.42,1.63E+12,6501
17-08-2021,MEC,89394,15.9575,15.93,16,16.19,15.68,1.63E+12,1111
17-08-2021,ENB,4895266,38.7235,39.14,38.69,39.15,38.395,1.63E+12,22053
17-08-2021,KIQ,614349,0.5489,0.58,0.54,0.588,0.5207,1.63E+12,970
17-08-2021,ENTG,643901,112.95,114.95,112.85,115.11,,1.63E+12,13233
17-08-2021,ARPO,20450134,2.4601,2.0239,2.3,2.68,,1.63E+12,52750
17-08-2021,VIAC,12938824,38.5518,38.21,39.03,39.08,,1.63E+12,86097
17-08-2021,LNTH,954010,23.8,24.77,24.25,24.91,,1.63E+12,9212
17-08-2021,OCG,163698,3.906,3.9,3.84,4.05,,1.63E+12,669
17-08-2021,FIBK,84030,44.6532,44.78,44.8,44.97,,1.63E+12,1770
17-08-2021,VREX,,27.4467,,,,,1.63E+12,2487
17-08-2021,BLK,381697,,,,,,1.63E+12,18091
17-08-2021,ALRN,394720,1.0231,,,,,1.63E+12,915
17-08-2021,RSP,3097707,153.9404,154.48,154.2,154.53,,1.63E+12,27475
17-08-2021,ENFA,98361,9.881,9.9,9.88,9.9,,1.63E+12,367
17-08-2021,MYSZ,207324,1.1084,1.14,1.12,1.14,,1.63E+12,597
17-08-2021,SIBN,661194,20.218,20.41,20.26,20.79,,1.63E+12,4506
17-08-2021,COGT,153910,8.2048,7.94,8.33,8.4,,1.63E+12,1786
17-08-2021,BRZU,198305,104.4567,105.25,104.03,107.41,,1.63E+12,2739
17-08-2021,QQEW,26509,113.2666,113.33,113.65,113.65,,1.63E+12,378
17-08-2021,MNMD,6261883,2.8269,2.95,2.76,2.96,,1.63E+12,19976
17-08-2021,AWH,427469,3.7915,3.88,3.76,3.92,,1.63E+12,3518
17-08-2021,IDRV,92218,49.1542,49.54,49.12,49.54,,1.63E+12,1626
17-08-2021,ADT,3440506,8.5341,8.67,8.48,8.67,,1.63E+12,14995
17-08-2021,CIDM,11194173,1.6626,1.65,1.64,1.72,,1.63E+12,11999
17-08-2021,BUSE,151510,23.3129,23.165,23.32,23.62,,1.63E+12,2137
17-08-2021,CPZ,83457,20.2019,20.38,20.25,20.5,,1.63E+12,366
17-08-2021,CERS,1145895,5.8492,5.85,5.87,5.9177,,1.63E+12,9223
17-08-2021,TpA,63279,26.5259,26.6,26.46,26.66,,1.63E+12,248
17-08-2021,OKTA,917328,229.0202,230.6,230.63,232,,1.63E+12,23306
17-08-2021,PSTV,767859,2.0929,1.92,2.14,2.22,,1.63E+12,2076
17-08-2021,COTY,6227373,7.9061,7.995,7.9,8.01,,1.63E+12,29274
17-08-2021,KC,1082993,26.349,25.37,26.3,27.13,,1.63E+12,13796
17-08-2021,PFHD,40088,19.252,19.6,19.69,19.9199,,1.63E+12,779
17-08-2021,TNYA,296244,22.2913,21.78,22.52,23.6,,1.63E+12,3042
17-08-2021,BHF,476192,47.0517,46.4,47.17,47.52,,1.63E+12,8893
17-08-2021,HNRG,395127,2.2277,2.24,2.2,2.2933,,1.63E+12,899
17-08-2021,PYZ,7882,89.6664,91.13,89.545,91.13,,1.63E+12,274
17-08-2021,IGI,12706,22.0772,21.94,21.92,22.342,,1.63E+12,71
17-08-2021,TALS,43756,12.4064,12.37,12.22,12.84,,1.63E+12,577
17-08-2021,BRQS,3082616,0.729,0.75,0.7234,0.7543,,1.63E+12,5366
17-08-2021,RYF,37811,61.8943,62.25,62.03,62.49,,1.63E+12,337
17-08-2021,CRH,170240,51.7909,52.11,51.72,52.19,,1.63E+12,4030
17-08-2021,LASR,588590,24.5018,25.05,24.69,25.05,,1.63E+12,6234
17-08-2021,LTRPA,640246,3.5244,3.56,3.59,3.61,,1.63E+12,3265
17-08-2021,NYT,1189996,48.4601,48.21,48.61,48.65,,1.63E+12,11890
17-08-2021,JCOM,282326,129.5405,130.02,129.85,130.594,,1.63E+12,6065
17-08-2021,FCOM,53648,54.4341,54.63,54.51,54.78,,1.63E+12,944
17-08-2021,VERX,131431,18.8805,18.72,19.17,19.19,,1.63E+12,2584
17-08-2021,STRO,165716,18.5627,18.17,18.83,18.89,,1.63E+12,2571
17-08-2021,ONB,1800654,16.6949,16.79,16.61,16.97,,1.63E+12,15593
17-08-2021,HGH,30125,26.4246,26.44,26.43,26.45,,1.63E+12,216
17-08-2021,USBpM,47071,25.7791,25.81,25.77,25.81,,1.63E+12,263
17-08-2021,MINM,89100,2.3225,2.31,2.32,2.41,,1.63E+12,343
17-08-2021,EYESW,18283,0.7899,0.83,0.75,0.832851,,1.63E+12,83
17-08-2021,ESML,78710,38.79,39.11,38.9,39.11,,1.63E+12,612
17-08-2021,NEPH,15776,7.6436,7.77,7.65,7.77,,1.63E+12,96
17-08-2021,IPW,266568,4.4205,4.74,4.48,4.74,,1.63E+12,934
17-08-2021,DON,156466,42.2517,42.5,42.28,42.55,,1.63E+12,1167
17-08-2021,DINT,27861,19.8692,19.97,19.869,19.9799,,1.63E+12,153
17-08-2021,ACHL,65294,6.2777,6.24,6.32,6.5799,,1.63E+12,752
17-08-2021,RELL,19672,7.4787,7.56,7.49,7.56,,1.63E+12,362
17-08-2021,PNC,1096453,187.3262,188.21,187.75,189.62,,1.63E+12,21941
17-08-2021,CMRX,818748,6.2187,6.03,6.29,6.4589,,1.63E+12,4589
17-08-2021,EXPE,2006213,141.986,143.22,142.57,143.44,,1.63E+12,33651
17-08-2021,CLBK,76686,18.0372,18.13,18.07,18.17,,1.63E+12,1422
17-08-2021,SACH,84298,4.8879,4.87,4.88,4.92,,1.63E+12,760
17-08-2021,OMCL,272414,149.8306,149.04,150.37,150.99,,1.63E+12,3660
17-08-2021,BCBP,60408,14.9483,15.12,14.92,15.1399,,1.63E+12,646
17-08-2021,TMV,320449,57.6084,57.84,57.81,58.06,,1.63E+12,2093
17-08-2021,TTMI,1111027,14.0699,14.06,14.16,14.18,,1.63E+12,9617
17-08-2021,BRIV,10726,9.6014,9.6,9.61,9.615,,1.63E+12,28
17-08-2021,ACI,1167194,29.5996,29.35,29.53,30.06,,1.63E+12,13219
17-08-2021,MJ,1008956,16.2935,16.32,16.3,16.53,,1.63E+12,6721
17-08-2021,ACB,3673554,6.6357,6.54,6.75,6.765,,1.63E+12,21284
17-08-2021,TTSH,176628,7.1795,7.37,7.25,7.37,,1.63E+12,1211
17-08-2021,WWW,459784,35.8768,36.75,35.83,36.83,,1.63E+12,5777
17-08-2021,NVFY,276658,2.0007,2.12,1.93,2.17,,1.63E+12,974
17-08-2021,TDACW,245818,1.6391,1.8,1.6,1.8,,1.63E+12,642
17-08-2021,MSON,37168,24.9183,25.03,24.92,25.16,,1.63E+12,799
17-08-2021,ASTR,5291834,10.0024,10.47,9.86,10.65,,1.63E+12,37002
17-08-2021,EGY,388186,2.3433,2.4,2.32,2.48,,1.63E+12,979
17-08-2021,ATRO,122348,13.5251,13.78,13.43,13.85,,1.63E+12,2391
17-08-2021,PETZ,128168,2.1109,2.19,2.09,2.19,,1.63E+12,519
17-08-2021,GTBP,262955,8.3475,8.51,8.44,8.58,,1.63E+12,2469
17-08-2021,EBAY,9422840,73.3215,74.04,72.84,74.74,,1.63E+12,105189
17-08-2021,BCEI,425690,34.9066,34.58,34.75,35.53,,1.63E+12,5857
17-08-2021,TUFN,99489,10.7402,10.95,10.64,10.95,,1.63E+12,1336
17-08-2021,CBAY,394552,3.5583,3.61,3.54,3.6574,,1.63E+12,4850
17-08-2021,GENY,21145,61.4007,61.45,61.12,61.55,,1.63E+12,114
17-08-2021,ICFI,41906,94.5109,94.2,94.39,95.37,,1.63E+12,1235
17-08-2021,TAL,20147887,5.1101,4.98,5.21,5.475,,1.63E+12,65377
17-08-2021,PNBK,2633,9.3843,9.26,9.34,9.49,,1.63E+12,40
17-08-2021,FRBA,23855,13.3893,13.39,13.5,13.53,,1.63E+12,453
17-08-2021,COHU,530613,29.9343,30.4,29.81,30.7,,1.63E+12,7753
17-08-2021,QNST,274444,16.3174,16.5,16.42,16.525,,1.63E+12,3722
17-08-2021,XPEL,405081,72.0089,72.65,73.1,74.23,,1.63E+12,6499
17-08-2021,PCSA,59524,5.2816,5.41,5.6,5.65,,1.63E+12,310
17-08-2021,BTRS,873438,10.5918,12.19,10.52,12.19,,1.63E+12,8573
17-08-2021,FWONK,464428,47.3861,47.79,47.38,48.155,,1.63E+12,5869
17-08-2021,IGACU,25093,10.0899,10.09,10.09,10.2,,1.63E+12,93
17-08-2021,LTRN,38708,12.0693,11.74,12.06,12.37,,1.63E+12,549
17-08-2021,OMGA,113228,21.3586,19.3,22.51,23.405,,1.63E+12,1466
17-08-2021,EXAS,1464987,92.4451,91.69,93.57,93.88,,1.63E+12,23609
17-08-2021,PACE,13464,9.9376,9.93,9.94,9.945,,1.63E+12,140
17-08-2021,ANAB,293522,24.8918,23.33,25.19,25.31,,1.63E+12,3379
17-08-2021,MKTW,297609,9.4406,9.01,9.36,9.94,,1.63E+12,3006
17-08-2021,LCIDW,1112315,9.4736,9.5,9.47,9.85,,1.63E+12,6983
17-08-2021,CDNS,895484,149.6645,151.505,149.59,151.505,,1.63E+12,20175
17-08-2021,NNBR,147890,5.4805,5.64,5.45,5.64,,1.63E+12,1564
17-08-2021,ELMS,680803,7.9295,7.84,7.92,8.36,,1.63E+12,5016
17-08-2021,TALKW,170824,0.9845,0.92,0.96,1.025,,1.63E+12,190
17-08-2021,TBBK,240886,24.4236,25.07,24.31,25.16,,1.63E+12,4384
17-08-2021,ETTX,135388,2.3854,2.43,2.36,2.5,,1.63E+12,509
17-08-2021,CLPR,41387,7.8435,7.86,7.86,7.88,,1.63E+12,474
17-08-2021,AFCG,205934,20.1925,20.85,20.49,21.06,,1.63E+12,2111
17-08-2021,CPRX,678910,5.6809,5.71,5.71,5.75,,1.63E+12,6929
17-08-2021,LBTYA,871985,28.4318,28.93,28.37,28.93,,1.63E+12,10174
17-08-2021,GAMR,10399,84.0489,84.26,84.32,84.591,,1.63E+12,268
17-08-2021,ATOM,460879,19.2705,20.5,18.96,20.5,,1.63E+12,5028
17-08-2021,OCDX,241806,19.753,19.82,19.9,19.945,,1.63E+12,2934
17-08-2021,DOCU,1137480,285.54,285,285.58,289.93,,1.63E+12,29210
17-08-2021,YCS,1639,75.5357,75.51,75.68,75.7,,1.63E+12,24
17-08-2021,BNGO,9679047,5.3354,5.46,5.34,5.5801,,1.63E+12,39301
17-08-2021,PCT,1206135,12.6527,13.17,12.61,13.27,,1.63E+12,12557
17-08-2021,CSOD,1799905,56.6751,56.65,56.68,56.73,,1.63E+12,10037
17-08-2021,EHTH,348464,43.4348,43.5,43.54,44.01,,1.63E+12,5093
17-08-2021,CLVS,4202677,4.4533,4.56,4.4,4.6,,1.63E+12,17169
17-08-2021,SLP,61575,44.1173,44.32,44.06,44.885,,1.63E+12,2223
17-08-2021,BNTC,48540,3.9189,3.9,3.93,3.99,,1.63E+12,450
17-08-2021,MHH,6342,15.8203,15.85,16,16,,1.63E+12,145
17-08-2021,FTAIpB,12237,26.9779,26.83,27.01,27.03,,1.63E+12,40
17-08-2021,HTEC,34136,46.5263,46.46,46.79,46.79,,1.63E+12,452
17-08-2021,WIT,2513275,8.9239,9,8.93,9.01,,1.63E+12,12149
17-08-2021,WELL,1469266,85.2961,84.68,85.59,85.835,,1.63E+12,20907
17-08-2021,PAVE,1799476,26.9539,27.29,26.98,27.29,,1.63E+12,7978
17-08-2021,FXO,159628,44.9546,45.03,44.97,45.29,,1.63E+12,945
17-08-2021,NGE,4147,10.9088,10.85,10.995,11,,1.63E+12,84
17-08-2021,ULVM,3127,66.7944,67.15,66.952,67.15,,1.63E+12,32
17-08-2021,FHB,398767,27.4716,27.59,27.54,27.755,,1.63E+12,6191
17-08-2021,SCHW,5487165,72.4185,72.68,72.5,72.99,,1.63E+12,46368
17-08-2021,SOXX,616887,444.2098,449.7,444.69,449.7,,1.63E+12,15755
17-08-2021,HOTH,417222,1.1808,1.2,1.16,1.21,,1.63E+12,972
17-08-2021,IEMG,12787824,61.5522,61.49,61.56,61.83,,1.63E+12,60246
17-08-2021,SNES,181629,1.4922,1.51,1.52,1.529,,1.63E+12,494
17-08-2021,REPH,567780,2.1417,2.21,2.25,2.28,,1.63E+12,3134
17-08-2021,SMDV,35628,63.5177,63.61,63.69,63.815,,1.63E+12,396
17-08-2021,XPL,196746,0.551,0.55,0.5505,0.5599,,1.63E+12,405
17-08-2021,KPLT,4835405,3.2782,3.13,3.4,3.48,,1.63E+12,16349
17-08-2021,ACWV,214454,106.1801,105.86,106.39,106.41,,1.63E+12,962
17-08-2021,SNSE,67555,7.8614,7.86,8,8,,1.63E+12,967
17-08-2021,FYLD,18454,27.547,27.59,27.48,27.6815,,1.63E+12,48
17-08-2021,AAT,212956,37.6493,37.69,37.8,38.15,,1.63E+12,3013
17-08-2021,SLM,1823259,18.7326,18.68,18.7,18.988,,1.63E+12,19567
17-08-2021,BGI,170705,3.0419,3.03,3.06,3.08,,1.63E+12,656
17-08-2021,GRVY,34130,86.9065,87.36,86.35,90,,1.63E+12,1145
17-08-2021,PFIE,32865,1.0783,1.09,1.08,1.09,,1.63E+12,131
17-08-2021,AMAL,31182,15.4792,15.49,15.52,15.6,,1.63E+12,938
17-08-2021,KDMN,3696629,4.8397,4.73,4.91,4.93,,1.63E+12,12857
17-08-2021,YQ,1343968,1.0182,1.0022,1.05,1.05,,1.63E+12,4368
17-08-2021,ANTM,990796,379.267,375.65,380.23,381,,1.63E+12,21001
17-08-2021,CCNC,502663,1.3959,1.51,1.34,1.51,,1.63E+12,1186
17-08-2021,CSTM,1357256,18.6312,19,18.63,19,,1.63E+12,14209
17-08-2021,HCKT,172141,18.7793,18.73,18.99,19.02,,1.63E+12,2431
17-08-2021,EAST,137508,3.1365,3.2,3.09,3.2449,,1.63E+12,791
17-08-2021,AHCO,454980,24.0231,24.19,24,24.26,,1.63E+12,6669
17-08-2021,MANT,139221,83.1638,82.73,83.42,83.7,,1.63E+12,3227
17-08-2021,SSTI,39301,42.0044,41.93,41.61,43.02,,1.63E+12,807
17-08-2021,IMTE,331961,4.032,4.01,4.05,4.165,,1.63E+12,1144
17-08-2021,VSAT,305024,51.8036,52.52,51.61,53.3173,,1.63E+12,5328
17-08-2021,CIX,9302,21.8515,21.73,21.34,22.33,,1.63E+12,487
17-08-2021,CAHCW,1300,0.7575,0.75,0.8,0.8,,1.63E+12,4
17-08-2021,CNOB,128400,28.5373,28.49,28.62,28.75,,1.63E+12,1864
17-08-2021,SBLK,2296862,21.1207,20.86,20.88,21.65,,1.63E+12,16159
17-08-2021,CET,13206,42.2077,42.31,42.02,42.5,,1.63E+12,140
17-08-2021,SSRM,1000136,16.1595,16.16,16.08,16.35,,1.63E+12,9537
17-08-2021,PANL,109602,4.8025,4.83,4.83,4.86,,1.63E+12,1002
17-08-2021,LILAK,615515,13.1653,13.22,13.13,13.415,,1.63E+12,4981
17-08-2021,SF,431974,67.3109,67.71,67.57,68.08,,1.63E+12,6788
17-08-2021,KGC,9960336,5.9779,5.97,5.96,6.04,,1.63E+12,20253
17-08-2021,GGG,310264,77.195,78.3,77.32,78.3,,1.63E+12,5941
17-08-2021,EVLO,108839,9.335,9.53,9.33,9.75,,1.63E+12,1655
17-08-2021,TBK,150563,80.0781,80.86,80,81.19,,1.63E+12,3445
17-08-2021,APPH,2539198,6.9797,7.04,7.18,7.2,,1.63E+12,18114
17-08-2021,PGJ,145762,41.8635,41.74,41.87,42.6188,,1.63E+12,945
17-08-2021,ACY,788723,29.1261,27.26,29.87,31.99,,1.63E+12,5524
17-08-2021,CVGI,154164,8.9511,9.08,9.08,9.08,,1.63E+12,2926
17-08-2021,EVGO,5544687,8.9206,9.55,8.72,9.56,,1.63E+12,36309
17-08-2021,APM,90609,2.4075,2.42,2.43,2.47,,1.63E+12,448
17-08-2021,RILYK,51755,25.8266,25.75,25.88,25.9,,1.63E+12,157
17-08-2021,ALLO,1224535,22.1936,20.86,22.17,23.2399,,1.63E+12,10931
17-08-2021,LUB,23811,4.1023,4.18,4.1,4.18,,1.63E+12,217
17-08-2021,VIH,575938,9.8913,9.89,9.88,9.91,,1.63E+12,2877
17-08-2021,UBSI,338407,35.4599,35.43,35.54,35.79,,1.63E+12,5934
17-08-2021,PEIpB,16889,11.7051,11.43,11.74,12,,1.63E+12,120
17-08-2021,GPM,115303,9.1718,9.17,9.14,9.24,,1.63E+12,549
17-08-2021,AIR,186219,33.0053,33.14,33.26,33.495,,1.63E+12,2667
17-08-2021,CPIX,46265,3.0226,3.19,2.92,3.19,,1.63E+12,296
17-08-2021,VXUS,3460945,64.7163,64.79,64.75,64.925,,1.63E+12,15992
17-08-2021,MRC,422269,7.9788,7.98,7.96,8.12,,1.63E+12,2901
17-08-2021,ADCT,165701,26.7786,26.15,27.23,27.26,,1.63E+12,2453
17-08-2021,VVOS,1301406,3.4655,2.82,3.365,3.8,,1.63E+12,4642
17-08-2021,SPXC,152555,61.5719,62.94,61.76,62.94,,1.63E+12,2989
17-08-2021,ODT,402825,2.9935,3.05,3.03,3.12,,1.63E+12,2712
17-08-2021,CLSN,1462801,0.978,1.02,0.976,1.02,,1.63E+12,3464
17-08-2021,VMD,109343,6.2924,6.34,6.26,6.4,,1.63E+12,958
17-08-2021,WLDN,52009,36.6397,36.51,36.56,37.12,,1.63E+12,979
17-08-2021,APTX,212997,2.305,2.36,2.31,2.41,,1.63E+12,1164
17-08-2021,FTAI,197933,27.3407,27.22,,,,1.63E+12,1961
17-08-2021,VMAC,6203,9.9892,9.99,,,,1.63E+12,34
17-08-2021,NVEE,56282,98.8525,96.07,,,,1.63E+12,1406
17-08-2021,SJI,357177,25.1781,25.16,,,,1.63E+12,5067
17-08-2021,IVLU,199984,25.973,26.01,,,,1.63E+12,742
17-08-2021,BARK,3188044,7.2789,7.6,,,,1.63E+12,18959
17-08-2021,POLY,289129,28.1382,28.66,,,,1.63E+12,3931
17-08-2021,SHYF,158028,40.6951,41.76,,,,1.63E+12,3066
17-08-2021,PFC,93230,29.3721,29.51,,,,1.63E+12,935
17-08-2021,ZVIA,845563,11.9503,11.07,,,,1.63E+12,6049
17-08-2021,MEOH,176844,31.6136,32.07,,,,1.63E+12,2551
17-08-2021,FRSG,938262,9.8135,9.8,,,,1.63E+12,852
17-08-2021,FDRR,29766,43.1808,43.33,,,,1.63E+12,362
17-08-2021,FEMS,22301,42.8967,43.1,,,,1.63E+12,135
17-08-2021,IDHQ,3302,31.8727,31.89,,,,1.63E+12,32
17-08-2021,IMXI,282745,17.2928,17.39,,,,1.63E+12,3302
17-08-2021,DCRCU,6721,10.4264,10.62,,,,1.63E+12,42
17-08-2021,IMAB,423698,66.8505,67.73,,,,1.63E+12,7035
17-08-2021,JFU,345414,1.64,1.59,,,,1.63E+12,1067
17-08-2021,EEMO,1186,17.6448,17.61,,,,1.63E+12,7
17-08-2021,LCAPW,10046,0.7839,0.7,,,,1.63E+12,82
17-08-2021,IOVA,1862096,20.9497,20.77,,,,1.63E+12,20225
17-08-2021,VEC,39790,49.0588,48.72,,,,1.63E+12,1062
17-08-2021,MORN,64794,265.4583,265.7,,,,1.63E+12,2150
17-08-2021,GIIX,12973,9.7534,9.66,,,,1.63E+12,90
17-08-2021,HSKA,39696,266.8363,264.22,,,,1.63E+12,1392
17-08-2021,AKTS,329111,8.2482,8.33,,,,1.63E+12,2930
17-08-2021,IWO,567174,289.2154,291.2,,,,1.63E+12,10594
17-08-2021,OCCI,61688,13.4638,13.51,,,,1.63E+12,427
17-08-2021,TRVG,1634738,2.5053,2.7,,,,1.63E+12,7484
17-08-2021,CNFR,241039,2.832,2.92,,,,1.63E+12,854
17-08-2021,RNWK,625398,1.6091,1.67,,,,1.63E+12,2988
17-08-2021,FISI,16027,31.8025,32.01,,,,1.63E+12,333
17-08-2021,DNAC,4431,9.8222,9.81,,,,1.63E+12,57
17-08-2021,ABEV,20719320,3.0521,3.04,,,,1.63E+12,22051
17-08-2021,VT,1048946,104.5035,104.75,,,,1.63E+12,10030
17-08-2021,QRHC,124218,5.8675,5.9,,,,1.63E+12,738
17-08-2021,ACGLN,32078,26.1969,26.34,,,,1.63E+12,256
17-08-2021,VITL,277866,17.8797,17.29,,,,1.63E+12,4279
17-08-2021,COFS,3692,24.1094,24.15,,,,1.63E+12,76
17-08-2021,ACET,135929,6.8098,7.02,,,,1.63E+12,1112
17-08-2021,FCVT,43911,49.8872,50.59,,,,1.63E+12,416
17-08-2021,FCCO,2024,21.0086,21.1,,,,1.63E+12,48
17-08-2021,BSY,1114037,62.1839,62.33,,,,1.63E+12,12982
17-08-2021,PHUN,7507222,0.9023,0.8773,,,,1.63E+12,9347
17-08-2021,AJRD,606051,42.1253,42.4,,,,1.63E+12,7086
17-08-2021,UMPQ,1231544,19.9278,20.04,,,,1.63E+12,12486
17-08-2021,MVPS,5935,25.0083,25.12,,,,1.63E+12,202
17-08-2021,KRKR,87084,1.7239,1.75,,,,1.63E+12,307
17-08-2021,VIOO,36609,199.4209,200.91,,,,1.63E+12,772
17-08-2021,CLOVW,470273,2.0326,2.06,,,,1.63E+12,1108
17-08-2021,BDN,1788208,13.6559,13.695,,,,1.63E+12,12031
17-08-2021,NXST,192715,144.4165,143.46,,,,1.63E+12,4582
17-08-2021,AEZS,982191,0.6431,0.6416,,,,1.63E+12,2019
17-08-2021,SPDV,2025,30.052,30.22,,,,1.63E+12,74
17-08-2021,EVER,661861,19.0704,19.85,,,,1.63E+12,8550
17-08-2021,HCSG,540738,26.0208,26.3,,,,1.63E+12,5873
17-08-2021,METX,1527341,0.5206,0.5155,,,,1.63E+12,2339
17-08-2021,JD,13385986,64.3156,64.15,,,,1.63E+12,125328
17-08-2021,KMF,112750,7.1491,7.13,,,,1.63E+12,386
17-08-2021,PEBO,50654,30.9815,31.27,,,,1.63E+12,1072
17-08-2021,HLLY,109164,10.8214,11,,,,1.63E+12,1392
17-08-2021,ATHE,374868,1.3089,1.31,,,,1.63E+12,882
17-08-2021,WPRT,2337712,4.0516,4.19,,,,1.63E+12,9708
17-08-2021,ZSAN,3948550,0.6311,0.694,,,,1.63E+12,4753
17-08-2021,MNDO,108043,3.2106,3.26,,,,1.63E+12,342
17-08-2021,NTST,224349,25.3843,25.55,,,,1.63E+12,2760
17-08-2021,CTMX,604595,4.8647,4.74,,,,1.63E+12,5175
17-08-2021,UIVM,5065,49.6602,49.76,,,,1.63E+12,21
17-08-2021,MKTY,158356,7.223,7.45,,,,1.63E+12,921
17-08-2021,LGHL,533789,1.5086,1.51,,,,1.63E+12,1562
17-08-2021,EH,485232,23.5377,23.05,,,,1.63E+12,7279
17-08-2021,RICK,43433,62.4006,64.84,,,,1.63E+12,1463
17-08-2021,OCX,536992,4.2175,4.19,,,,1.63E+12,3882
17-08-2021,NVAX,5187755,231.3963,217.6,,,,1.63E+12,80659
17-08-2021,FPAY,152690,2.2311,2.23,,,,1.63E+12,412
17-08-2021,RTPY,303463,9.833,9.83,,,,1.63E+12,1307
17-08-2021,PEY,127509,20.5327,20.57,,,,1.63E+12,1168
17-08-2021,EFSC,72355,45.5927,46.04,,,,1.63E+12,1472
17-08-2021,NXTD,2930035,0.6547,0.7081,,,,1.63E+12,4562
17-08-2021,PIE,64316,24.1176,24.28,,,,1.63E+12,346
17-08-2021,AUS.WS,139603,1.4,1.4,,,,1.63E+12,77
17-08-2021,GMED,405219,77.8169,77.56,,,,1.63E+12,5329
17-08-2021,CRDL,1586891,2.9345,2.86,,,,1.63E+12,8949
17-08-2021,REAL,3343226,12.3757,12.75,,,,1.63E+12,27535
17-08-2021,KURI,43607,9.8577,9.86,,,,1.63E+12,186
17-08-2021,HDSN,325689,2.8702,2.78,,,,1.63E+12,1664
17-08-2021,CNK,2307816,14.5772,14.41,,,,1.63E+12,18869
17-08-2021,SXC,588312,6.9848,7.07,,,,1.63E+12,3834
17-08-2021,CDR,44070,17.3984,17.32,,,,1.63E+12,615
17-08-2021,KJUL,22342,25.8834,25.81,,,,1.63E+12,136
17-08-2021,VERB,9838681,1.7472,1.8866,,,,1.63E+12,21604
17-08-2021,OCA,20776,9.8419,9.84,,,,1.63E+12,160
17-08-2021,DCOMP,6455,25.937,25.9,,,,1.63E+12,34
17-08-2021,CRVS,118160,1.9239,1.87,,,,1.63E+12,603
17-08-2021,ECOR,1167347,0.9318,0.9776,,,,1.63E+12,2416
17-08-2021,CELC,21352,20.2792,20.69,,,,1.63E+12,725
17-08-2021,VAW,80425,184.766,186.57,,,,1.63E+12,1930
17-08-2021,PPBI,234685,39.2009,39.11,,,,1.63E+12,4424
17-08-2021,RBCAA,23887,50.0231,49.97,,,,1.63E+12,666
17-08-2021,HURN,181894,48.5269,47.35,,,,1.63E+12,3177
17-08-2021,VKI,42311,12.385,12.35,,,,1.63E+12,196
17-08-2021,SMLP,17094,33.8896,33.91,,,,1.63E+12,377
17-08-2021,CRTX,282532,90.1374,92.08,,,,1.63E+12,5908
17-08-2021,OSBC,118359,12.0713,12.01,,,,1.63E+12,1333
17-08-2021,ALCC,1305,9.839,9.83,,,,1.63E+12,19
17-08-2021,BSJO,146251,25.0256,25.04,,,,1.63E+12,742
17-08-2021,PDSB,551698,9.6904,9.86,,,,1.63E+12,3434
17-08-2021,GWW,216225,435.7974,437.54,,,,1.63E+12,7004
17-08-2021,CHSCO,11741,28.7295,28.8,,,,1.63E+12,98
17-08-2021,KAVL,14132,5.5877,5.9,,,,1.63E+12,304
17-08-2021,HMC,511054,31.8013,32.12,,,,1.63E+12,5759
17-08-2021,DTIL,531770,9.2517,9.4,,,,1.63E+12,6000
17-08-2021,SVAL,155556,29.9816,30.28,,,,1.63E+12,1070
17-08-2021,AJG,821783,141.5922,142.04,,,,1.63E+12,12519
17-08-2021,COM,22963,30.7731,30.9,,,,1.63E+12,225
17-08-2021,SFUN,2081,9.0043,8.95,,,,1.63E+12,27
17-08-2021,LNC,1511268,67.5848,67.81,,,,1.63E+12,19648
17-08-2021,AGMH,77606,7.5495,7.38,,,,1.63E+12,459
17-08-2021,RELX,496879,30.034,30.07,,,,1.63E+12,4459
17-08-2021,KLTR,525788,11.2446,11.08,,,,1.63E+12,5939
17-08-2021,ELYS,720385,4.196,4.28,,,,1.63E+12,3105
17-08-2021,SPYD,2690319,40.1652,40.26,,,,1.63E+12,12451
17-08-2021,AXDX,131292,6.1244,6.02,,,,1.63E+12,1342
17-08-2021,RKTA,388,9.7284,9.75,,,,1.63E+12,8
17-08-2021,CPLP,43718,11.4571,11.62,,,,1.63E+12,674
17-08-2021,SQNS,442075,4.8806,5.22,,,,1.63E+12,2035
17-08-2021,NRIX,190839,30.2074,29.28,,,,1.63E+12,3025
17-08-2021,NCTY,1466566,12.954,13.42,,,,1.63E+12,8675
17-08-2021,PAGS,1875255,55.4706,55.68,,,,1.63E+12,19082
17-08-2021,UPLD,131417,36.5871,37.06,,,,1.63E+12,2199
17-08-2021,DWM,33437,55.5656,55.6,,,,1.63E+12,179
17-08-2021,PYN,291,10.6024,10.6,,,,1.63E+12,3
17-08-2021,ADS,665946,89.2041,89.99,,,,1.63E+12,9638
17-08-2021,AIG,4491200,54.2187,54.25,,,,1.63E+12,43894
17-08-2021,IINN,224450,3.3643,3.52,,,,1.63E+12,848
17-08-2021,CRWS,88249,7.1377,7.53,,,,1.63E+12,320
17-08-2021,EEMS,25974,59.3171,59.43,,,,1.63E+12,245
17-08-2021,WDAY,1049430,230.8778,230.43,,,,1.63E+12,22484
17-08-2021,POWWP,8963,28.1215,28.16,,,,1.63E+12,70
17-08-2021,FYT,75205,50.1292,50.41,,,,1.63E+12,260
17-08-2021,MRAC,28262,9.8995,9.89,,,,1.63E+12,87
17-08-2021,HEFA,380691,34.8842,34.82,,,,1.63E+12,1464
17-08-2021,ORTX,395305,2.6398,2.65,,,,1.63E+12,1953
17-08-2021,FLR,2355533,16.2245,16.59,,,,1.63E+12,17616
17-08-2021,EMHY,60130,45.2562,45.3,,,,1.63E+12,298
17-08-2021,NEP,432741,78.3029,79.09,,,,1.63E+12,5134
17-08-2021,FXU,53374,31.8537,31.98,,,,1.63E+12,299
17-08-2021,OSS,82302,5.4348,5.33,,,,1.63E+12,800
17-08-2021,GLpD,104169,25.6772,25.73,,,,1.63E+12,398
17-08-2021,SID,4082490,7.6066,7.81,,,,1.63E+12,15150
17-08-2021,CANG,305866,3.4,3.42,,,,1.63E+12,1398
17-08-2021,RLMD,162907,23.0747,21.72,,,,1.63E+12,2442
17-08-2021,ETNB,227062,18.0393,18.21,,,,1.63E+12,2098
17-08-2021,ROBT,16900,53.0168,53.26,,,,1.63E+12,201
17-08-2021,KFRC,71626,59.4772,60.98,,,,1.63E+12,1499
17-08-2021,CHW,196851,10.7039,10.8,,,,1.63E+12,909
17-08-2021,BDL,18507,25.2262,24.98,,,,1.63E+12,506
17-08-2021,TCOM,4267335,24.219,24.39,,,,1.63E+12,41579
17-08-2021,HWELU,589477,9.9518,9.94,,,,1.63E+12,136
17-08-2021,FIVG,94287,37.6422,37.9,,,,1.63E+12,1606
17-08-2021,CRM,3472597,247.1862,248.26,,,,1.63E+12,66275
17-08-2021,BDC,166385,53.4822,53.74,,,,1.63E+12,3130
17-08-2021,KNBE,739016,24.1841,25,,,,1.63E+12,7564
17-08-2021,ZIG,7235,28.9583,29.19,,,,1.63E+12,49
17-08-2021,IBRX,1071926,10.0264,10.55,,,,1.63E+12,9213
17-08-2021,IIPR,160054,225.6831,228,,,,1.63E+12,6286
17-08-2021,PIPR,65645,140.9736,142.79,,,,1.63E+12,1541
17-08-2021,IMCG,35432,70.0339,70.2,,,,1.63E+12,429
17-08-2021,VZIO,1010913,19.9278,20.25,,,,1.63E+12,8779
17-08-2021,MCMJ,74006,9.9396,9.96,,,,1.63E+12,227
17-08-2021,TPZ,16763,12.8773,12.77,,,,1.63E+12,84
17-08-2021,GCBC,13219,29.6187,30.05,,,,1.63E+12,254
17-08-2021,IMCV,7530,64.3648,64.64,,,,1.63E+12,103
17-08-2021,OPFI,412981,6.7826,7.27,,,,1.63E+12,2662
17-08-2021,HFWA,69938,24.9744,25.04,,,,1.63E+12,1218
17-08-2021,CODA,4107,8.6911,8.66,,,,1.63E+12,63
17-08-2021,ETB,37415,16.7225,16.75,,,,1.63E+12,288
17-08-2021,FULT,579584,15.7644,15.79,,,,1.63E+12,5634
17-08-2021,EZA,1019395,47.4358,47.47,,,,1.63E+12,3079
17-08-2021,PSA,706648,318.6253,317.72,,,,1.63E+12,13931
17-08-2021,RQI,380397,16.2974,16.4,,,,1.63E+12,1546
17-08-2021,ENSC,2636275,3.3357,2.88,,,,1.63E+12,8049
17-08-2021,PAQCU,30883,10.0002,10,,,,1.63E+12,164
17-08-2021,TW,143299,87.0199,87.51,,,,1.63E+12,3323
17-08-2021,COF,2791045,173.6479,175.27,,,,1.63E+12,47062
17-08-2021,HOLX,1238778,77.071,76.77,,,,1.63E+12,17659
17-08-2021,CALA,451612,2.1901,2.15,,,,1.63E+12,2167
17-08-2021,EPRT,662961,30.8007,30.51,,,,1.63E+12,8410
17-08-2021,IWF,805723,281.1617,282.21,,,,1.63E+12,11419
17-08-2021,CLI,519809,17.4638,17.44,,,,1.63E+12,5249
17-08-2021,YMAB,133525,28.7116,28.51,,,,1.63E+12,2680
17-08-2021,ARCE,179985,26.1836,26.07,,,,1.63E+12,1638
17-08-2021,RAAX,5309,25.3738,25.39,,,,1.63E+12,29
17-08-2021,KEJI,1530,18.8002,18.77,,,,1.63E+12,30
17-08-2021,THS,357326,38.9399,38.75,,,,1.63E+12,6312
17-08-2021,EVA,59175,52.9934,54,,,,1.63E+12,772
17-08-2021,SANA,717362,20.6022,19.66,,,,1.63E+12,8359
17-08-2021,GLDD,190035,14.739,14.82,,,,1.63E+12,2464
17-08-2021,EMLP,173603,24.4373,24.47,,,,1.63E+12,1188
17-08-2021,IVE,706125,150.8902,151.01,,,,1.63E+12,6907
17-08-2021,ALLY,3216862,52.5446,53.19,,,,1.63E+12,26760
17-08-2021,PIPP.WS,34433,0.9104,0.9001,,,,1.63E+12,126
17-08-2021,FLTR,71671,25.3655,25.36,,,,1.63E+12,183
17-08-2021,SDIV,655247,13.2121,13.25,,,,1.63E+12,4002
17-08-2021,GROM,445106,2.825,2.94,,,,1.63E+12,1575
17-08-2021,PKI,703106,182.7667,184.06,,,,1.63E+12,13148
17-08-2021,MEIP,194570,2.6546,2.64,,,,1.63E+12,1258
17-08-2021,NXP,17326,17.413,17.45,,,,1.63E+12,77
17-08-2021,TGA,287936,1.5625,1.61,,,,1.63E+12,892
17-08-2021,NEE,5257074,83.6495,83.6,,,,1.63E+12,50735
17-08-2021,RBLX,21772252,77.5802,74.894,,,,1.63E+12,175243
17-08-2021,ROST,1839489,121.0462,123.63,,,,1.63E+12,34460
17-08-2021,AWX,51076,4.8214,4.96,,,,1.63E+12,282
17-08-2021,ACTG,185928,5.5106,5.5,,,,1.63E+12,1665
17-08-2021,MRTN,189818,15.1595,15.17,,,,1.63E+12,1732
17-08-2021,MA,2812781,362.2286,362,,,,1.63E+12,56239
17-08-2021,LPTX,699848,1.6736,1.66,,,,1.63E+12,1488
17-08-2021,OCUL,779730,10.1194,10.21,,,,1.63E+12,7068
17-08-2021,TALK,1459895,5.237,5.47,,,,1.63E+12,8388
17-08-2021,CTIC,722408,2.6517,2.64,,,,1.63E+12,4175
17-08-2021,VENAU,401,10.8198,10.82,,,,1.63E+12,2
17-08-2021,BCOW,17865,10.741,10.76,,,,1.63E+12,101
17-08-2021,VIACP,72792,66.8631,67.66,,,,1.63E+12,504
17-08-2021,AMN,273841,107.2867,108.95,,,,1.63E+12,6589
17-08-2021,AKUS,59297,10.752,10.86,,,,1.63E+12,1297
17-08-2021,ELDN,88009,6.2884,6.16,,,,1.63E+12,453
17-08-2021,CGABL,42466,25.704,25.66,,,,1.63E+12,309
17-08-2021,ORAN,813954,11.3015,11.27,,,,1.63E+12,4028
17-08-2021,FORD,96422,2.406,2.48,,,,1.63E+12,565
17-08-2021,NTEST.N,1520,25.0082,25.01,,,,1.63E+12,36
17-08-2021,MSOS,865933,33.0665,33.55,,,,1.63E+12,6094
17-08-2021,TXT,794227,72.1062,73,,,,1.63E+12,12732
17-08-2021,GLQ,122275,15.7483,15.75,,,,1.63E+12,588
17-08-2021,HERO,126680,28.6061,28.5,,,,1.63E+12,1949
17-08-2021,NKLA,18742791,9.4793,9.19,,,,1.63E+12,88729
17-08-2021,WD,94779,98.7332,98.71,,,,1.63E+12,2779
17-08-2021,ZUO,625327,15.7248,15.58,,,,1.63E+12,6940
17-08-2021,OSIS,75969,99.0387,100.13,,,,1.63E+12,1940
17-08-2021,FAD,17969,118.8379,120.15,,,,1.63E+12,87
17-08-2021,TGTX,2179191,21.8141,22.005,,,,1.63E+12,18394
17-08-2021,PINS,8471256,55.6749,55.65,,,,1.63E+12,80043
17-08-2021,GLNG,1032612,10.4617,10.66,,,,1.63E+12,8197
17-08-2021,EWL,2393617,51.1055,51.11,,,,1.63E+12,6860
17-08-2021,DIAL,125518,21.5812,21.6,,,,1.63E+12,319
17-08-2021,ALZN,806333,3.3588,3.41,,,,1.63E+12,3619
17-08-2021,PLOW,124818,37.4628,37.65,,,,1.63E+12,2015
17-08-2021,PXLW,828969,3.3054,3.43,,,,1.63E+12,5441
17-08-2021,GPOR,48611,65.012,64.35,,,,1.63E+12,645
17-08-2021,YXI,11758,16.1247,16.17,,,,1.63E+12,109
17-08-2021,ORI,1737798,26.0469,25.9,,,,1.63E+12,14454
17-08-2021,TEAM,637600,335.6037,332.58,,,,1.63E+12,15862
17-08-2021,IDNA,41862,51.6147,50.99,,,,1.63E+12,733
17-08-2021,VIS,110564,197.3679,198.91,,,,1.63E+12,2008
17-08-2021,GME,1215938,164.7468,161.19,,,,1.63E+12,41983
17-08-2021,SYLD,18299,61.9969,62.87,,,,1.63E+12,312
17-08-2021,MMD,34794,23.0437,22.9,,,,1.63E+12,212
17-08-2021,ANIX,94893,4.019,4,,,,1.63E+12,519
17-08-2021,LIVX,758517,2.7631,2.93,,,,1.63E+12,5538
17-08-2021,OTTR,74202,53.7377,53.79,,,,1.63E+12,1351
17-08-2021,HYGV,35786,49.579,49.62,,,49.52,1.63E+12,170
17-08-2021,ENTX,96535,5.0266,4.97,,,4.97,1.63E+12,1013
17-08-2021,BRY,335369,5.175,5.02,,,5.02,1.63E+12,3522
17-08-2021,NATH,20772,68.8729,66.13,,,65.9,1.63E+12,429
17-08-2021,CARG,1740726,27.2959,28.15,,,26.8,1.63E+12,16145
17-08-2021,IBMO,8774,27.0874,27.11,,,27.065,1.63E+12,31
17-08-2021,IAC,905739,124.401,124.52,,,123.09,1.63E+12,15160
17-08-2021,VGM,70781,14.0616,14.06,,,14.03,1.63E+12,256
17-08-2021,GRCL,91277,10.7378,11.09,,,10.26,1.63E+12,1061
17-08-2021,AGNCN,27298,26.3222,26.23,,,26.23,1.63E+12,273
17-08-2021,GRTX,201978,7.8107,8.13,,,7.27,1.63E+12,1628
17-08-2021,CMT,22646,14.6545,14.71,,,14.5,1.63E+12,340
17-08-2021,IBDQ,121130,26.967,26.97,,,26.9501,1.63E+12,513
17-08-2021,GNE,92418,6.2862,6.25,,,6.1694,1.63E+12,487
17-08-2021,CNSL,348329,8.9406,8.78,,,8.75,1.63E+12,3867
17-08-2021,VIOV,35563,172.2731,173.55,,,170.74,1.63E+12,987
17-08-2021,CMPS,317739,30.1849,29.93,,,29.45,1.63E+12,4443
17-08-2021,AFRM,2209361,64.1814,62.1354,,,62.11,1.63E+12,23293
17-08-2021,XNET,627931,3.1293,3.2,,,3.06,1.63E+12,2674
17-08-2021,CLDR,7385929,15.928,15.92,,,15.9,1.63E+12,9919
17-08-2021,SGDJ,25330,40.1025,40.55,,,39.745,1.63E+12,467
17-08-2021,PRPH,141384,5.3772,5.52,,,5.25,1.63E+12,934
17-08-2021,CNS,48390,86.0732,86.63,,,85.53,1.63E+12,1151
17-08-2021,PBH,194032,59.498,59.36,,,59.07,1.63E+12,3554
17-08-2021,USAP,13447,11.0392,11.25,,,10.86,1.63E+12,194
17-08-2021,ASTS,2585279,8.5345,9.1,,,8.25,1.63E+12,20669
17-08-2021,GOOS,1444657,35.0636,35.72,,,34.58,1.63E+12,16651
17-08-2021,TDSpU,45545,27.0444,27.1,,,26.94,1.63E+12,213
17-08-2021,GTY,133151,31.4306,31.35,,,31.14,1.63E+12,1694
17-08-2021,JMOM,16626,44.7486,45.07,,,44.54,1.63E+12,189
17-08-2021,URTY,729249,95.3368,96.66,,,92.6445,1.63E+12,6947
17-08-2021,SHLX,1444815,12.1915,12.17,,,12.09,1.63E+12,5974
17-08-2021,SLY,86526,94.3322,94.8,,,93.2687,1.63E+12,543
17-08-2021,KNDI,977252,4.8878,4.91,,,4.81,1.63E+12,7684
17-08-2021,HWM,1715117,31.4361,31.56,,,31.11,1.63E+12,16681
17-08-2021,EIC,7119,17.3177,17.45,,,17.2299,1.63E+12,59
17-08-2021,TA,96935,36.6181,37.33,,,35.86,1.63E+12,3053
17-08-2021,SNDX,261779,15.8977,15.56,,,15.47,1.63E+12,3072
17-08-2021,PCYO,54295,14.469,14.98,,,14.255,1.63E+12,647
17-08-2021,UAN,57646,55.3433,56.54,,,52.97,1.63E+12,777
17-08-2021,TXMD,7975075,0.7699,0.7941,,,0.745,1.63E+12,17744
17-08-2021,MFA,2402737,4.5648,4.57,,,4.52,1.63E+12,6597
17-08-2021,AC,15483,36.8606,36.45,,,36.45,1.63E+12,390
17-08-2021,OIS,500736,5.2597,5.27,,,5.15,1.63E+12,4540
17-08-2021,DSP,393262,14.6827,14.11,,,14.03,1.63E+12,4325
17-08-2021,NTR,2747364,60.7044,61.85,,,59.89,1.63E+12,23494
17-08-2021,PH,1290093,296.0204,296.89,,,293.64,1.63E+12,19566
17-08-2021,OLLI,793047,83.4228,82.01,,,81.32,1.63E+12,13016
17-08-2021,NVVE,172853,10.3299,10.07,,,10.01,1.63E+12,1832
17-08-2021,VGSH,638374,61.4741,61.46,,,61.46,1.63E+12,2120
17-08-2021,PLIN,335502,1.3055,1.27,,,1.24,1.63E+12,421
17-08-2021,BLV,143057,105.0006,104.89,,,104.7581,1.63E+12,1768
17-08-2021,DX,460012,17.6482,17.63,,,17.53,1.63E+12,4744
17-08-2021,MDGL,85106,82.3349,82.26,,,81.52,1.63E+12,2357
17-08-2021,BBU,24878,40.3295,40.4,,,40.03,1.63E+12,293
17-08-2021,FTXN,3638,15.7508,15.69,,,15.69,1.63E+12,25
17-08-2021,FBC,499695,48.736,48.26,,,48.08,1.63E+12,8021
17-08-2021,IEUR,379536,58.9616,59.15,,,58.76,1.63E+12,3040
17-08-2021,VEA,7431883,51.9613,52.02,,,51.7393,1.63E+12,32134
17-08-2021,COLI,5131,9.6802,9.67,,,9.67,1.63E+12,45
17-08-2021,NAKD,18433713,0.5092,0.509,,,0.5,1.63E+12,21554
17-08-2021,BGCP,2290763,5.3744,5.4,,,5.3,1.63E+12,10159
17-08-2021,GEOS,39413,9.972,10.04,,,9.7601,1.63E+12,371
17-08-2021,EFC,345927,18.4128,18.35,,,18.26,1.63E+12,3271
17-08-2021,FUTY,90979,44.3047,44.42,,,44.0993,1.63E+12,1142
17-08-2021,ACES,73026,67.1168,67.74,,,66.5,1.63E+12,1184
17-08-2021,JAX,110249,13.8749,13.98,,,13.87,1.63E+12,670
17-08-2021,FFIEW,658948,1.9972,2.08,,,1.91,1.63E+12,3892
17-08-2021,OPRX,159543,58.5294,58.46,,,57.51,1.63E+12,3072
17-08-2021,LITE,1689460,80.2495,77.915,,,77.32,1.63E+12,18939
17-08-2021,VBR,402279,170.1854,171.57,,,168.73,1.63E+12,6537
17-08-2021,DFAS,48403,57.1851,57.77,,,56.6901,1.63E+12,286
17-08-2021,IVAC,85110,4.8865,5.04,,,4.81,1.63E+12,943
17-08-2021,KBR,474772,39.2368,39.23,,,38.805,1.63E+12,7025
17-08-2021,DDT,9132,26.3027,26.4,,,26.22,1.63E+12,56
17-08-2021,TOLZ,28195,46.8649,46.92,,,46.66,1.63E+12,250
17-08-2021,SGMO,816264,9.5832,9.39,,,9.3,1.63E+12,6031
17-08-2021,IPVA.WS,8288,1.0399,1.11,,,0.9301,1.63E+12,38
17-08-2021,JSTC,38702,17.567,17.51,,,17.51,1.63E+12,66
17-08-2021,EMLC,1247400,30.6284,30.65,,,30.5734,1.63E+12,3079
17-08-2021,UBER,20114438,40.9876,41,,,40.58,1.63E+12,122831
17-08-2021,CYCN,284187,2.9471,2.97,,,2.86,1.63E+12,1440
17-08-2021,VFH,299981,93.8199,94,,,92.97,1.63E+12,3547
17-08-2021,SON,210571,64.3738,64.58,,,63.98,1.63E+12,4121
17-08-2021,TPX,2806146,43.1884,43.18,,,42.4478,1.63E+12,20492
17-08-2021,LBC,15813,13.0156,12.95,,,12.83,1.63E+12,478
17-08-2021,LOKB.U,1303,10.553,10.6,,,10.55,1.63E+12,8
17-08-2021,OI,745495,14.8076,14.63,,,14.5,1.63E+12,6714
17-08-2021,SIRI,15237367,6.1016,6.06,,,6.035,1.63E+12,38942
17-08-2021,HZNP,610000,105.2104,105.76,,,104.28,1.63E+12,10853
17-08-2021,BEST,4099678,1.0329,1.04,,,1,1.63E+12,7132
17-08-2021,JUPW,749825,1.6253,1.67,,,1.57,1.63E+12,1526
17-08-2021,AVCO,422577,1.0164,1.1,,,0.9978,1.63E+12,1034
17-08-2021,BIV,745332,90.7703,90.77,,,90.71,1.63E+12,4588
17-08-2021,FR,603548,55.419,54.93,,,54.68,1.63E+12,8290
17-08-2021,BLNK,1973833,30.458,30.8,,,29.8,1.63E+12,24710
17-08-2021,AVO,57082,19.4175,19.39,,,19.25,1.63E+12,872
17-08-2021,UUP,1009407,25.0051,24.96,,,24.96,1.63E+12,1291
17-08-2021,BICK,1871,35.4131,35.44,,,35.31,1.63E+12,28
17-08-2021,RAMP,459626,43.8854,44.15,,,43.19,1.63E+12,6834
17-08-2021,HL,5140581,5.9147,6,,,5.81,1.63E+12,18950
17-08-2021,HWC,415361,45.2905,45.82,,,44.58,1.63E+12,4722
17-08-2021,DBP,4831,48.4039,48.59,,,48.3074,1.63E+12,114
17-08-2021,DVLU,83938,23.8026,24.43,,,23.79,1.63E+12,71
17-08-2021,LGI,39588,21.4394,21.26,,,21.26,1.63E+12,241
17-08-2021,GRP.U,3241,70.1823,70.36,,,69.99,1.63E+12,71
17-08-2021,BCI,121838,26.1718,26.35,,,26.1,1.63E+12,489
17-08-2021,REE,176616,9.5215,9.8,,,9.2,1.63E+12,1341
17-08-2021,DCT,172770,42.2366,43.02,,,41.84,1.63E+12,3743
17-08-2021,FINMU,46674,9.9944,9.99,,,9.985,1.63E+12,175
17-08-2021,HQH,322017,27.0206,26.75,,,26.61,1.63E+12,2474
17-08-2021,DCRN,161951,9.8569,9.85,,,9.85,1.63E+12,627
17-08-2021,MHO,272099,62.544,64.14,,,61.54,1.63E+12,4541
17-08-2021,DPW,5775448,2.4425,2.52,,,2.35,1.63E+12,13865
17-08-2021,HBI,4048358,19.4279,19.96,,,19.17,1.63E+12,25235
17-08-2021,AUVI,319093,6.1726,7.11,,,5.54,1.63E+12,2534
17-08-2021,MC,237946,61.1398,61.47,,,60.56,1.63E+12,4381
17-08-2021,DNAB,6694,9.8109,9.81,,,9.8,1.63E+12,68
17-08-2021,KURA,511798,16.0619,16.19,,,15.495,1.63E+12,5522
17-08-2021,RGNX,411021,31.1787,30.77,,,30.13,1.63E+12,4429
17-08-2021,KEMQ,32290,27.629,27.54,,,27.505,1.63E+12,123
17-08-2021,BW,633306,7.1716,7.46,,,6.95,1.63E+12,5091
17-08-2021,UZA,32525,25.3365,25.33,,,25.33,1.63E+12,99
17-08-2021,MFC,4852230,19.7606,19.87,,,19.61,1.63E+12,13640
17-08-2021,BHR,1281545,4.9093,5.07,,,4.72,1.63E+12,7051
17-08-2021,INTA,122679,33.0745,34,,,32.41,1.63E+12,1869
17-08-2021,ABOS,90853,15.3348,15.03,,,15,1.63E+12,1267
17-08-2021,TFCpO,31920,27.8216,27.89,,,27.7367,1.63E+12,274
17-08-2021,ABC,779721,120.7227,119.99,,,119.42,1.63E+12,11207
17-08-2021,CNQ,2787425,31.9189,31.84,,,31.625,1.63E+12,21733
17-08-2021,DVN,8292499,27.0064,26.9,,,26.7,1.63E+12,59647
17-08-2021,STOK,94134,25.6017,24.23,,,24.22,1.63E+12,1587
17-08-2021,NZF,125117,17.2937,17.32,,,17.26,1.63E+12,437
17-08-2021,VKQ,57897,13.8354,13.84,,,13.8,1.63E+12,256
17-08-2021,EXG,798377,10.6993,10.78,,,10.6499,1.63E+12,2894
17-08-2021,DVYE,193341,38.1213,38.1,,,37.9479,1.63E+12,1015
17-08-2021,STWO,180033,9.9036,9.94,,,9.89,1.63E+12,472
17-08-2021,MAN,294409,121.9852,122.28,,,120.645,1.63E+12,6005
17-08-2021,ERY,1876801,16.935,17,,,16.5,1.63E+12,9343
17-08-2021,SAN,3604698,3.709,3.74,,,3.67,1.63E+12,7493
17-08-2021,PECO,135331,29.4646,29.88,,,29.21,1.63E+12,1902
17-08-2021,MBI,270087,12.0515,11.97,,,11.96,1.63E+12,3898
17-08-2021,SRZN,7960,8.2794,8.68,,,8.02,1.63E+12,146
17-08-2021,PSApP,143734,25.4754,25.52,,,25.41,1.63E+12,346
17-08-2021,HBANP,149438,25.6582,25.65,,,25.45,1.63E+12,600
17-08-2021,LEE,25063,24.3165,24.53,,,24,1.63E+12,461
17-08-2021,HTBX,175251,6.2431,6.2,,,6.1,1.63E+12,1579
17-08-2021,KXI,8530,62.5992,62.49,,,62.4136,1.63E+12,171
17-08-2021,HELE,66052,234.008,235.24,,,232.42,1.63E+12,2440
17-08-2021,ANVS,515429,37.9437,38.82,,,36.55,1.63E+12,5269
17-08-2021,PFGC,1234386,45.1598,44.79,,,44.53,1.63E+12,12072
17-08-2021,EQD.WS,279272,1.1176,1.14,,,1.11,1.63E+12,184
17-08-2021,TFSL,154793,19.8959,19.86,,,19.73,1.63E+12,2038
17-08-2021,BRCN,239605,2.1158,2.27,,,1.93,1.63E+12,819
17-08-2021,HYFM,796514,41.5378,41.06,,,40.38,1.63E+12,13172
17-08-2021,VV,168129,207.3041,207.83,,,206.25,1.63E+12,2575
17-08-2021,SXTC,166740,1.1043,1.07,,,1.07,1.63E+12,605
17-08-2021,RCII,514211,60.5939,63.01,,,59.57,1.63E+12,9592
17-08-2021,IAUM,9817,17.858,17.89,,,17.83,1.63E+12,57
17-08-2021,STIP,573905,106.1501,106.2,,,106.1,1.63E+12,2894
17-08-2021,XP,1126256,44.8632,45.62,,,44.21,1.63E+12,10655
17-08-2021,VOOV,42965,145.7571,146.15,,,145,1.63E+12,881
17-08-2021,PVH,968056,106.9893,110.48,,,105.42,1.63E+12,14500
17-08-2021,TGS,29938,4.5812,4.58,,,4.51,1.63E+12,198
17-08-2021,KOP,100754,30.5538,30.6,,,30.27,1.63E+12,1756
17-08-2021,WAVE,1318814,9.7346,8.22,,,8.22,1.63E+12,9968
17-08-2021,AEO,4900541,30.9969,31.79,,,30.61,1.63E+12,44703
17-08-2021,HMLP,663527,4.5198,4.38,,,4.32,1.63E+12,3201
17-08-2021,LBRDA,73908,179.7153,178.47,,,178.47,1.63E+12,2527
17-08-2021,PULS,237379,49.696,49.7,,,49.69,1.63E+12,485
17-08-2021,ALTG,44737,12.4943,12.58,,,12.32,1.63E+12,580
17-08-2021,EAOR,1385,31.378,31.45,,,31.344,1.63E+12,19
17-08-2021,DK,416130,15.471,15.25,,,15.2,1.63E+12,5279
17-08-2021,SIFY,292076,3.3815,3.47,,,3.32,1.63E+12,1527
17-08-2021,GRN,20944,22.6392,22.93,,,22.45,1.63E+12,170
17-08-2021,GNOM,66401,22.4228,22.38,,,22.26,1.63E+12,631
17-08-2021,DLRpL,9520,27.3856,27.47,,,27.32,1.63E+12,126
17-08-2021,GDYN,377204,23.7884,23.28,,,22.81,1.63E+12,4867
17-08-2021,AGM,15458,98.6108,99.5,,,98.0248,1.63E+12,595
17-08-2021,CVLY,97192,22.5445,22.44,,,22.25,1.63E+12,368
17-08-2021,FTC,17731,113.7142,113.95,,,113.3414,1.63E+12,291
17-08-2021,FGRO,22098,20.9438,21.06,,,20.83,1.63E+12,219
17-08-2021,URTH,199039,130.1783,130.4,,,129.52,1.63E+12,2394
17-08-2021,EAD,129808,8.9236,8.94,,,8.9044,1.63E+12,411
17-08-2021,FNKO,722246,17.5171,17.97,,,17.26,1.63E+12,6608
17-08-2021,TLS,1538711,25.5,25.07,,,24.495,1.63E+12,14238
17-08-2021,EGP,113072,174.8867,173.74,,,173.55,1.63E+12,3048
17-08-2021,IGD,252694,6.0692,6.07,,,6.04,1.63E+12,616
17-08-2021,OSN,8641,4.789,4.75,,,4.75,1.63E+12,77
17-08-2021,HPX,48508,9.75,9.77,,,9.69,1.63E+12,465
17-08-2021,NXR,9664,17.855,17.84,,,17.6982,1.63E+12,45
17-08-2021,JDD,25947,10.4984,10.53,,,10.43,1.63E+12,74
17-08-2021,DRV,298394,4.6619,4.64,,,4.59,1.63E+12,812
17-08-2021,EAF,1471295,10.6353,10.53,,,10.48,1.63E+12,10765
17-08-2021,AQUA,1207148,37.5486,37.87,,,37.225,1.63E+12,12712
17-08-2021,JFR,275368,9.9125,9.91,,,9.89,1.63E+12,1311
17-08-2021,PAWZ,14521,81.8742,82.04,,,81.7046,1.63E+12,439
17-08-2021,LIT,1449508,80.0294,80.27,,,78.9001,1.63E+12,22069
17-08-2021,NEWT,205599,27.1102,27.5,,,26.78,1.63E+12,2210
17-08-2021,KKR,2397780,63.7796,64.82,,,63.24,1.63E+12,24877
17-08-2021,BWA,1973779,44.4389,44.91,,,43.805,1.63E+12,23414
17-08-2021,IWD,4625313,162.0352,162.37,,,161.17,1.63E+12,43949
17-08-2021,FCO,40886,9.6283,9.6,,,9.6,1.63E+12,110
17-08-2021,BIPpB,23536,25.3737,25.44,,,25.3395,1.63E+12,99
17-08-2021,PAGP,1107947,10.1962,10.09,,,10.07,1.63E+12,8070
17-08-2021,NBB,29815,23.3323,23.39,,,23.26,1.63E+12,197
17-08-2021,NFJ,324587,15.4985,15.5,,,15.41,1.63E+12,1865
17-08-2021,SPXX,29748,18.214,18.13,,,18.13,1.63E+12,169
17-08-2021,DMS,205658,8.0475,8.08,,,7.68,1.63E+12,1902
17-08-2021,MERC,151651,11.0771,11.16,,,11.01,1.63E+12,1730
17-08-2021,IDA,153897,108.3044,107.84,,,106.9601,1.63E+12,4009
17-08-2021,SINO,632581,2.8447,2.66,,,2.61,1.63E+12,2072
17-08-2021,SWBK,28608,9.9007,9.93,,,9.8801,1.63E+12,205
17-08-2021,CNI,1932222,105.5942,106.49,,,104.67,1.63E+12,17765
17-08-2021,MHLD,101739,3.1129,3.09,,,3.08,1.63E+12,644
17-08-2021,BTTR,228367,3.3982,3.62,,,3.31,1.63E+12,1253
17-08-2021,PSTX,128107,9.1377,9.25,,,8.96,1.63E+12,2058
17-08-2021,TOKE,15845,15.0777,15.1,,,15,1.63E+12,219
17-08-2021,BVN,1327110,7.2724,7.43,,,7.16,1.63E+12,8940
17-08-2021,VLT,12273,14.8479,14.83,,,14.8,1.63E+12,68
17-08-2021,FLMN,181938,4.5149,4.51,,,4.48,1.63E+12,1159
17-08-2021,BBH,14994,211.8986,206.9,,,206,1.63E+12,1055
17-08-2021,CWEN.A,101545,28.9285,28.85,,,28.68,1.63E+12,1714
17-08-2021,RCEL,71864,16.8942,16.59,,,16.52,1.63E+12,1162
17-08-2021,SFYF,9156,37.752,38,,,37.005,1.63E+12,194
17-08-2021,WEX,236676,172.7554,173.91,,,171.4246,1.63E+12,6246
17-08-2021,CCAC.WS,85736,0.6972,0.7237,,,0.65,1.63E+12,196
17-08-2021,HMST,102429,40.5322,40.42,,,40.055,1.63E+12,2275
17-08-2021,IEME,9553,36.5524,36.41,,,36.36,1.63E+12,55
17-08-2021,VALN,11527,26.4872,26.1,,,26.06,1.63E+12,159
17-08-2021,STTpD,40797,28.583,28.67,,,28.48,1.63E+12,295
17-08-2021,QS.WS,36826,8.7325,8.58,,,8.34,1.63E+12,271
17-08-2021,PTN,762702,0.4524,0.45,,,0.45,1.63E+12,2011
17-08-2021,DISCA,3813003,28.4087,28,,,27.8,1.63E+12,35630
17-08-2021,DTB,11331,26.3649,26.41,,,26.25,1.63E+12,79
17-08-2021,PMTS,60558,23.0647,21.04,,,21.04,1.63E+12,628
17-08-2021,FCOR,8777,56.1145,56.08,,,56.065,1.63E+12,104
17-08-2021,FSMD,8941,33.7645,33.75,,,33.698,1.63E+12,131
17-08-2021,CPB,4285814,43.892,43.49,,,43.485,1.63E+12,26470
17-08-2021,FNI,24104,50.8781,50.62,,,50.62,1.63E+12,326
17-08-2021,YVR,372489,1.5799,1.59,,,1.54,1.63E+12,1682
17-08-2021,ERF,1408295,5.3863,5.36,,,5.3,1.63E+12,5479
17-08-2021,NREFpA,1351,26.2973,26.18,,,26.14,1.63E+12,16
17-08-2021,BKH,227299,71.9655,71.43,,,71.13,1.63E+12,4711
17-08-2021,ESS,354162,316.785,314.94,,,314.1,1.63E+12,9153
17-08-2021,ARGX,103795,306.3454,302.9,,,301.51,1.63E+12,2675
17-08-2021,CPOP,1778390,3.9443,3.72,,,3.72,1.63E+12,6568
17-08-2021,PDOT.U,2029,9.8854,9.9,,,9.87,1.63E+12,35
17-08-2021,ASAQ,5694,9.7016,9.7,,,9.7,1.63E+12,35
17-08-2021,SIF,18555,9.2538,9.44,,,9,1.63E+12,185
17-08-2021,EVAX,37683,5.7265,5.5,,,5.4,1.63E+12,260
17-08-2021,BCEL,617633,5.8234,5.75,,,5.58,1.63E+12,3844
17-08-2021,RRD,631323,5.4707,5.56,,,5.37,1.63E+12,5094
17-08-2021,LDL,91627,61.7015,61.65,,,61.65,1.63E+12,1585
17-08-2021,ARMP,2082,3.8049,3.88,,,3.75,1.63E+12,53
17-08-2021,BBDO,104952,3.7425,3.73,,,3.69,1.63E+12,646
17-08-2021,ARE,636301,206.2188,205.16,,,204.05,1.63E+12,11222
17-08-2021,CCOI,196239,72.5137,72.42,,,72.03,1.63E+12,4231
17-08-2021,SVC,807375,10.7257,10.765,,,10.535,1.63E+12,7133
17-08-2021,SFT,1547989,7.1117,7.225,,,7.01,1.63E+12,14115
17-08-2021,UFAB,13888,2.5365,2.63,,,2.5,1.63E+12,102
17-08-2021,UI,68747,301.6268,307,,,296.13,1.63E+12,2205
17-08-2021,SBTX,90707,30.9468,29.82,,,29.74,1.63E+12,2694
17-08-2021,FBT,28030,169.7318,166.15,,,166.15,1.63E+12,562
17-08-2021,RTLR,257051,10.3773,10.25,,,10.25,1.63E+12,1385
17-08-2021,XEC,459793,62.6515,61.82,,,61.4777,1.63E+12,7124
17-08-2021,AGYS,79147,51.7083,52.72,,,50.98,1.63E+12,1898
17-08-2021,FLGC,5696813,13.964,16.18,,,11.25,1.63E+12,35972
17-08-2021,VIEW,7052626,4.1374,4.77,,,3.83,1.63E+12,29250
17-08-2021,MXF,14399,15.5202,15.49,,,15.4786,1.63E+12,55
17-08-2021,INFY,4824845,23.509,23.61,,,23.385,1.63E+12,22352
17-08-2021,CDOR,9085,5.6122,5.66,,,5.51,1.63E+12,114
17-08-2021,MNST,1221274,97.5996,97.95,,,97.345,1.63E+12,21208
17-08-2021,MVST,4069115,9.1255,9.13,,,8.76,1.63E+12,25329
17-08-2021,RMED,1512848,2.5714,2.8,,,2.38,1.63E+12,5405
17-08-2021,BOKF,130271,86.6953,86.36,,,85.59,1.63E+12,3284
17-08-2021,EEX,100105,4.1193,4.15,,,4.03,1.63E+12,1135
17-08-2021,LOUP,22260,49.7127,49.97,,,49.46,1.63E+12,202
17-08-2021,EGGF.U,1413,9.94,9.94,,,9.94,1.63E+12,5
17-08-2021,ZYXI,386214,13.1515,13.55,,,12.95,1.63E+12,4173
17-08-2021,MCI,11061,15.6533,15.78,,,15.58,1.63E+12,40
17-08-2021,EUSG,408419,9.862,9.76,,,9.76,1.63E+12,951
17-08-2021,CBTX,36342,26.0904,26,,,25.83,1.63E+12,639
17-08-2021,FLJP,233591,29.669,29.66,,,29.59,1.63E+12,256
17-08-2021,IXUS,1443105,72.1935,72.2202,,,71.875,1.63E+12,7202
17-08-2021,PALI,93616,2.4418,2.39,,,2.3401,1.63E+12,507
17-08-2021,AIRT,13454,33.1716,32.66,,,32.47,1.63E+12,425
17-08-2021,RMI,3885,23.689,23.77,,,23.6,1.63E+12,32
17-08-2021,MKTX,105858,473.8228,468.53,,,465.01,1.63E+12,5219
17-08-2021,TTD,3754579,78.8483,78.5,,,77.93,1.63E+12,40979
17-08-2021,EGRX,50233,48.8985,48.85,,,48.25,1.63E+12,1180
17-08-2021,BLFS,201344,44.743,45.15,,,43.92,1.63E+12,4143
17-08-2021,CWB,1204147,84.4889,84.68,,,84.16,1.63E+12,10201
17-08-2021,IBMP,9923,27.2552,27.26,,,27.201,1.63E+12,68
17-08-2021,CHGG,1188781,79.2099,79.12,,,76.98,1.63E+12,16440
17-08-2021,SWCH,2280497,23.2715,23.72,,,23.005,1.63E+12,17991
17-08-2021,HSIC,519395,77.1406,76.56,,,75.995,1.63E+12,11099
17-08-2021,FLDM,583055,6.7082,6.67,,,6.55,1.63E+12,4986
17-08-2021,SPPI,2958558,2.3226,2.27,,,2.22,1.63E+12,11150
17-08-2021,BHLB,229087,26.0382,26.23,,,25.74,1.63E+12,4038
17-08-2021,HEWC,167,32.4177,32.43,,,32.3163,1.63E+12,5
17-08-2021,JILL,63147,20.3168,19.85,,,19.85,1.63E+12,1287
17-08-2021,GOSS,589011,8.1932,8.15,,,7.755,1.63E+12,6223
17-08-2021,ECF,21032,14.4921,14.5,,,14.46,1.63E+12,104
17-08-2021,PERI,347101,17.6217,17.462,,,17.35,1.63E+12,3313
17-08-2021,GOCO,5986334,4.7423,4.9,,,4.57,1.63E+12,34189
17-08-2021,ENBA,29611,26.934,27.03,,,26.86,1.63E+12,342
17-08-2021,IYK,15593,184.6415,186.06,,,184.1266,1.63E+12,343
17-08-2021,CHY,154352,15.9427,16.01,,,15.89,1.63E+12,838
17-08-2021,NUSI,405664,28.5762,28.78,,,28.44,1.63E+12,3011
17-08-2021,CWST,195971,68.4466,69,,,67.91,1.63E+12,2578
17-08-2021,GQRE,4841,68.3782,68.53,,,68.22,1.63E+12,61
17-08-2021,NGG,203652,66.2921,66.34,,,65.986,1.63E+12,2999
17-08-2021,VERY,17643,10.4663,10.5,,,10,1.63E+12,180
17-08-2021,BEDU,8284,3.4581,3.49,,,3.39,1.63E+12,98
17-08-2021,ALE,113907,70.483,70.49,,,69.78,1.63E+12,2539
17-08-2021,DYHG,27303,58.7215,58.87,,,58.68,1.63E+12,35
17-08-2021,BNY,22523,15.3155,15.34,,,15.17,1.63E+12,97
17-08-2021,ALL,1929682,134.6378,134.11,,,133.694,1.63E+12,20624
17-08-2021,TURN,74100,7.4969,7.53,,,7.42,1.63E+12,160
17-08-2021,NWHM,269318,8.9408,8.94,,,8.94,1.63E+12,810
17-08-2021,TMO,830360,554.6564,553.97,,,552.115,1.63E+12,23185
17-08-2021,SBCF,99789,31.7756,31.78,,,31.44,1.63E+12,1940
17-08-2021,MNTX,20090,7.119,7.19,,,7,1.63E+12,166
17-08-2021,TREC,91857,7.9013,7.86,,,7.8,1.63E+12,767
17-08-2021,NBIX,768197,91.2063,89.9,,,89.2625,1.63E+12,10892
17-08-2021,BPT,63687,3.2114,3.2,,,3.16,1.63E+12,333
17-08-2021,QH,81324,2.5438,2.65,,,2.32,1.63E+12,423
17-08-2021,FTK,146292,1.4479,1.53,,,1.4,1.63E+12,842
17-08-2021,LDI,394747,8.109,8.34,,,8.01,1.63E+12,3476
17-08-2021,FFA,16356,21.069,21.02,,,21,1.63E+12,100
17-08-2021,BDSX,725784,7.8262,6.52,,,6.52,1.63E+12,4594
17-08-2021,DRW,1922,26.6167,26.6,,,26.565,1.63E+12,60
17-08-2021,HLX,950716,3.6525,3.66,,,3.57,1.63E+12,5829
17-08-2021,NVO,967790,104.4429,104.17,,,104,1.63E+12,12946
17-08-2021,NRZpB,10414,25.3708,25.4,,,25.35,1.63E+12,110
17-08-2021,TWOpC,19733,25.1453,25.08,,,25.04,1.63E+12,164
17-08-2021,ETRN,2472260,8.2859,8.25,,,8.12,1.63E+12,13338
17-08-2021,MKD,1877714,0.4757,0.504,,,0.455,1.63E+12,2270
17-08-2021,HBAN,11309915,14.7632,14.83,,,14.56,1.63E+12,44027
17-08-2021,OSG,145310,2.5299,2.54,,,2.51,1.63E+12,530
17-08-2021,SGTX,162524,4.8844,4.88,,,4.75,1.63E+12,1795
17-08-2021,EFA,23442582,80.2144,80.24,,,79.885,1.63E+12,54692
17-08-2021,VSTO,695098,41.4589,42,,,40.661,1.63E+12,8912
17-08-2021,IDCC,144973,70.4882,70.9,,,69.92,1.63E+12,3469
17-08-2021,PCTI,57699,6.4045,6.39,,,6.32,1.63E+12,551
17-08-2021,TNDM,474772,110.1427,108,,,107.6133,1.63E+12,8834
17-08-2021,ROCR,30237,9.8799,9.84,,,9.84,1.63E+12,10
17-08-2021,INFL,212610,29.8294,29.99,,,29.6328,1.63E+12,987
17-08-2021,SPIP,1079779,31.4907,31.55,,,31.43,1.63E+12,1535
17-08-2021,AUS,791889,9.9152,9.89,,,9.88,1.63E+12,832
17-08-2021,HPF,47064,22.5844,22.65,,,22.46,1.63E+12,289
17-08-2021,KHC,4555603,37.7938,37.99,,,37.51,1.63E+12,35759
17-08-2021,AGGY,54964,52.6696,52.63,,,52.63,1.63E+12,300
17-08-2021,BHK,69892,16.6267,16.72,,,16.56,1.63E+12,295
17-08-2021,PDI,290547,28.463,28.53,,,28.3,1.63E+12,1982
17-08-2021,FOXF,173817,152.2401,158.06,,,149.255,1.63E+12,3660
17-08-2021,RBAC,44570,9.7467,9.75,,,9.74,1.63E+12,318
17-08-2021,CCM,7098,2.6836,2.73,,,2.6,1.63E+12,53
17-08-2021,RADA,706144,11.0703,10.95,,,10.68,1.63E+12,3746
17-08-2021,MCAFR,174577,0.3904,0.4,,,0.37,1.63E+12,243
17-08-2021,ESGRP,22008,29.5353,29.75,,,29.37,1.63E+12,175
17-08-2021,MMYT,311266,26.0801,25.91,,,25.3,1.63E+12,4440
17-08-2021,PTIX,1217684,1.8923,1.68,,,1.55,1.63E+12,2303
17-08-2021,GAU,402855,0.8582,0.88,,,0.8501,1.63E+12,1040
17-08-2021,WPGpH,16551,2.4706,2.47,,,2.45,1.63E+12,84
17-08-2021,BSN,15698,9.8534,9.83,,,9.83,1.63E+12,134
17-08-2021,ODFL,333947,278.1818,280.85,,,275.215,1.63E+12,10221
17-08-2021,FRA,117001,13.3486,13.29,,,13.29,1.63E+12,473
17-08-2021,IRBO,47482,42.3144,42.57,,,42.0801,1.63E+12,1114
17-08-2021,QLS,5863,27.651,27.72,,,27.6,1.63E+12,35
17-08-2021,VJET,161914,7.1265,7.42,,,6.75,1.63E+12,1390
17-08-2021,HBM,1435519,6.0547,6.23,,,5.95,1.63E+12,5952
17-08-2021,NAVB,77354,1.5933,1.67,,,1.56,1.63E+12,284
17-08-2021,SHLS,1203218,29.0183,29.13,,,28.62,1.63E+12,17295
17-08-2021,IBMQ,6870,27.5158,27.55,,,27.4805,1.63E+12,31
17-08-2021,TWCBU,10050,9.8704,9.86,,,9.8506,1.63E+12,65
17-08-2021,SIVR,292341,22.8399,22.94,,,22.74,1.63E+12,1291
17-08-2021,MBIO,2012841,2.792,2.65,,,2.65,1.63E+12,6082
17-08-2021,RCG,2107,2.2838,2.31,,,2.25,1.63E+12,17
17-08-2021,FPX,68017,124.6012,124.89,,,123.8556,1.63E+12,653
17-08-2021,NUSC,66319,43.3527,43.65,,,42.9542,1.63E+12,508
17-08-2021,IR,2778137,51.0709,51.97,,,50.67,1.63E+12,26104
17-08-2021,PVAC,263817,16.0074,15.92,,,15.68,1.63E+12,2871
17-08-2021,SOJD,34866,26.6903,26.71,,,26.6439,1.63E+12,201
17-08-2021,SONM,6017103,0.3771,0.4001,,,0.3611,1.63E+12,8313
17-08-2021,DFFN,1432593,0.4866,0.49,,,0.464,1.63E+12,1741
17-08-2021,SPYC,9980,31.8804,32.07,,,31.77,1.63E+12,71
17-08-2021,SANW,24294,3.1768,3.2,,,3.15,1.63E+12,261
17-08-2021,SGOL,604305,17.1377,17.17,,,17.095,1.63E+12,1132
17-08-2021,FCAL,4680,55.2377,55.3,,,55.2,1.63E+12,54
17-08-2021,IBDS,88668,27.132,27.14,,,27.1011,1.63E+12,356
17-08-2021,FLS,533872,39.0111,39.24,,,38.5,1.63E+12,6519
17-08-2021,CEV,9352,14.0446,14.04,,,13.99,1.63E+12,57
17-08-2021,EWK,3569,22.1244,22.15,,,22.1,1.63E+12,65
17-08-2021,DWAS,16483,81.7322,82.82,,,80.85,1.63E+12,232
17-08-2021,SWAN,152661,35.4353,35.56,,,35.31,1.63E+12,1078
17-08-2021,CTS,131556,36.2418,36.79,,,36,1.63E+12,2023
17-08-2021,SQFT,941389,3.7246,3.63,,,3.55,1.63E+12,3458
17-08-2021,MCAD,2616,9.9394,9.93,,,9.93,1.63E+12,13
17-08-2021,LVTX,72799,5.6843,5.73,,,5.53,1.63E+12,545
17-08-2021,WNC,140575,14.8935,15.06,,,14.71,1.63E+12,2757
17-08-2021,CDK,1637314,45.6296,45.82,,,45.185,1.63E+12,15612
17-08-2021,XIN,43700,1.9441,1.95,,,1.92,1.63E+12,280
17-08-2021,TRP,1048676,47.61,47.92,,,47.24,1.63E+12,11890
17-08-2021,ELP,913353,5.7966,5.81,,,5.71,1.63E+12,5910
17-08-2021,FHS,160051,3.6218,3.64,,,3.38,1.63E+12,696
17-08-2021,EWN,301778,50.3956,50.7,,,50.22,1.63E+12,1789
17-08-2021,VCIT,1953365,95.5471,95.56,,,95.4901,1.63E+12,9670
17-08-2021,SGOC,639030,4.4873,4.86,,,4.25,1.63E+12,3729
17-08-2021,NRK,72211,14.3604,14.35,,,14.31,1.63E+12,125
17-08-2021,PGAL,731,11.0114,10.98,,,10.97,1.63E+12,15
17-08-2021,SNOA,167224,5.4172,5.51,,,5.24,1.63E+12,678
17-08-2021,ATHpA,25058,29.7621,29.83,,,29.71,1.63E+12,213
17-08-2021,AIZ,212071,167.0974,166.18,,,165.27,1.63E+12,6285
17-08-2021,NS,339753,15.8426,15.88,,,15.68,1.63E+12,2037
17-08-2021,SAM,435296,627.3199,622.42,,,616.75,1.63E+12,10433
17-08-2021,JPN,6141,32.5017,32.38,,,32.38,1.63E+12,60
17-08-2021,IWY,96226,157.082,157.72,,,156.42,1.63E+12,1206
17-08-2021,EYES,974841,3.4798,3.48,,,3.415,1.63E+12,4428
17-08-2021,EQHpC,17908,25.1936,25.2,,,25.16,1.63E+12,102
17-08-2021,XAIR,203415,7.628,7.82,,,7.46,1.63E+12,1675
17-08-2021,OPI,194933,26.3788,26.36,,,26.01,1.63E+12,2745
17-08-2021,MSI,578443,234.1937,233.9,,,233.21,1.63E+12,12175
17-08-2021,GOL,1596646,6.4478,6.37,,,6.35,1.63E+12,7734
17-08-2021,AMST,545957,1.9004,2.07,,,1.8,1.63E+12,1614
17-08-2021,TME,73763836,7.8384,8.06,,,7.63,1.63E+12,200637
17-08-2021,RWO,76131,53.43,53.56,,,53.2179,1.63E+12,1038
17-08-2021,FMAC.WS,79610,1.3902,1.4,,,1.32,1.63E+12,169
17-08-2021,EOI,47566,19.2236,19.19,,,19.16,1.63E+12,285
17-08-2021,HAS,542057,97.2625,99.4,,,96.25,1.63E+12,10953
17-08-2021,NVEC,26384,68.4772,69.34,,,68,1.63E+12,482
17-08-2021,RSI,1151985,12.6896,13.04,,,12.47,1.63E+12,10377
17-08-2021,ACOR,252685,3.5473,3.37,,,3.37,1.63E+12,1650
17-08-2021,FULC,1762345,21.7304,21.79,,,21.08,1.63E+12,14058
17-08-2021,AXR,15722,13.4931,13.49,,,13.1057,1.63E+12,177
17-08-2021,RUSHA,153490,44.2422,44.8,,,43.8,1.63E+12,2566
17-08-2021,CVGW,168014,51.5154,51.75,,,50.8,1.63E+12,2417
17-08-2021,CLFD,66391,40.2851,40.12,,,39.75,1.63E+12,1182
17-08-2021,FRDM,35349,33.1209,33.25,,,32.96,1.63E+12,278
17-08-2021,JMP,65650,7.1568,7.26,,,7.0164,1.63E+12,384
17-08-2021,EFL,49307,9.3907,9.46,,,9.36,1.63E+12,112
17-08-2021,PTRA,3726740,9.4993,9.71,,,9.26,1.63E+12,25911
17-08-2021,ACAH,52623,9.65,9.65,,,9.65,1.63E+12,69
17-08-2021,RACE,501493,220.5485,222.83,,,218.585,1.63E+12,7410
17-08-2021,JELD,2452266,28.2761,28.66,,,27.85,1.63E+12,16944
17-08-2021,ISEM,5667,28.4606,28.41,,,28.41,1.63E+12,21
17-08-2021,RLJ,538118,13.8807,14.09,,,13.63,1.63E+12,5605
17-08-2021,FELE,169129,81.9407,82.61,,,80.95,1.63E+12,3167
17-08-2021,CORRpA,10513,24.3213,24.28,,,24.26,1.63E+12,78
17-08-2021,AEHR,524431,5.2856,5.21,,,5.08,1.63E+12,2904
17-08-2021,HIGA,11391,9.721,9.72,,,9.71,1.63E+12,103
17-08-2021,MQY,96180,16.7138,16.69,,,16.67,1.63E+12,209
17-08-2021,SASR,135413,42.9048,43.09,,,42.48,1.63E+12,1572
17-08-2021,BRMK,616386,10.4404,10.45,,,10.39,1.63E+12,4003
17-08-2021,FMNB,55302,15.7896,15.99,,,15.6,1.63E+12,726
17-08-2021,BNDW,17513,81.0038,80.99,,,80.945,1.63E+12,477
17-08-2021,ALLT,214613,15.7104,15.71,,,15.61,1.63E+12,988
17-08-2021,SPXB,2497,92.3214,92.3,,,92.26,1.63E+12,23
17-08-2021,DOG,517191,33.1571,33.07,,,33.02,1.63E+12,1208
17-08-2021,MOAT,361699,75.8009,75.92,,,75.48,1.63E+12,3023
17-08-2021,MCHX,66660,2.9434,2.98,,,2.9,1.63E+12,356
17-08-2021,MU,17510803,70.4696,70.17,,,69.613,1.63E+12,132376
17-08-2021,BLDP,3188535,14.6772,14.83,,,14.44,1.63E+12,27557
17-08-2021,EIS,5553,68.1119,68.5,,,67.92,1.63E+12,88
17-08-2021,ALGN,610339,677.1799,690.78,,,669.31,1.63E+12,18678
17-08-2021,NYMX,552768,1.7907,1.73,,,1.69,1.63E+12,1432
17-08-2021,SFIX,1692264,40.043,41.45,,,39.51,1.63E+12,21189
17-08-2021,RGR,76926,80.1193,80.92,,,79.61,1.63E+12,2230
17-08-2021,ARCT,810551,48.0209,46.08,,,45.67,1.63E+12,12059
17-08-2021,ORN,134726,5.4049,5.44,,,5.35,1.63E+12,809
17-08-2021,USXF,55396,37.2114,37.45,,,37.07,1.63E+12,311
17-08-2021,HLNE,74031,89.0004,89.9,,,88.07,1.63E+12,1572
17-08-2021,WAFD,303721,32.8881,32.99,,,32.63,1.63E+12,6053
17-08-2021,ROAD,161744,33.0262,32.77,,,32.45,1.63E+12,2391
17-08-2021,LDSF,37940,20.1954,20.24,,,20.18,1.63E+12,73
17-08-2021,SCS,328171,13.7144,13.71,,,13.54,1.63E+12,3652
17-08-2021,COMS,407270,1.8066,1.9,,,1.76,1.63E+12,1337
17-08-2021,TCON,207313,3.3247,3.4,,,3.21,1.63E+12,949
17-08-2021,UNL,5141,10.8038,10.89,,,10.75,1.63E+12,64
17-08-2021,RLYB,103453,15.3326,15.6,,,14.539,1.63E+12,2488
17-08-2021,NMTR,1619098,1.0337,1.05,,,1.02,1.63E+12,3887
17-08-2021,WMK,59765,56.3655,55.46,,,55.375,1.63E+12,1994
17-08-2021,MARK,1708715,1.1784,1.13,,,1.09,1.63E+12,4201
17-08-2021,AMRS,4463074,13.0587,13.65,,,12.79,1.63E+12,30155
17-08-2021,ALGT,244160,186.1764,188.38,,,182.03,1.63E+12,6380
17-08-2021,GGPI,609731,9.8663,9.89,,,9.84,1.63E+12,2682
17-08-2021,SSKN,365769,1.3822,1.45,,,1.3201,1.63E+12,732
17-08-2021,IBBQ,9145,26.3196,25.87,,,25.751,1.63E+12,119
17-08-2021,CpJ,49178,28.4718,28.5,,,28.4,1.63E+12,427
17-08-2021,BKF,5441,48.1596,48.09,,,48.02,1.63E+12,102
17-08-2021,BKMC,644,90.3558,90.55,,,90.14,1.63E+12,7
17-08-2021,KR,14008636,45.1698,43.75,,,43.67,1.63E+12,104632
17-08-2021,JW.A,155200,58.1143,58.54,,,57.28,1.63E+12,3100
17-08-2021,LFMD,704085,6.9475,6.9,,,6.7,1.63E+12,5646
17-08-2021,GSM,1220244,5.7222,5.77,,,5.52,1.63E+12,8723
17-08-2021,SBET,562352,5.3224,5.4,,,5.11,1.63E+12,2549
17-08-2021,HPE,7972970,14.8496,14.92,,,14.65,1.63E+12,32517
17-08-2021,PRTG,8932,17.3328,17.16,,,16.62,1.63E+12,348
17-08-2021,IMH,249269,1.3929,1.5,,,1.34,1.63E+12,619
17-08-2021,IGLB,408794,70.8768,70.86,,,70.75,1.63E+12,2420
17-08-2021,INDI,845367,8.9843,8.97,,,8.84,1.63E+12,4657
17-08-2021,GNCA,149084,1.7559,1.83,,,1.65,1.63E+12,496
17-08-2021,RIDE,7844780,5.3619,5.346,,,5.205,1.63E+12,40644
17-08-2021,MAR,2292146,130.2079,131.18,,,129.02,1.63E+12,32996
17-08-2021,BFIT,8128,29.7897,29.98,,,29.52,1.63E+12,149
17-08-2021,RTX,3999539,86.4182,86.4,,,85.65,1.63E+12,50997
17-08-2021,RIGL,1534499,3.6188,3.6,,,3.541,1.63E+12,8952
17-08-2021,JUPWW,8546,1.0791,1.1,,,0.96,1.63E+12,62
17-08-2021,EFNL,7668,51.3152,51.4,,,51.12,1.63E+12,76
17-08-2021,XERS,2517466,2.2427,2.24,,,2.18,1.63E+12,8493
17-08-2021,EWD,559085,47.5703,47.9,,,47.35,1.63E+12,3919
17-08-2021,SCHD,1906271,77.3993,77.73,,,76.98,1.63E+12,19600
17-08-2021,BBI,585206,0.6233,0.6362,,,0.615,1.63E+12,903
17-08-2021,ICOL,3903,9.6202,9.63,,,9.57,1.63E+12,54
17-08-2021,SRV,9855,27.1747,27.59,,,27.03,1.63E+12,55
17-08-2021,COIN,3101977,253.4456,253.14,,,246.23,1.63E+12,71841
17-08-2021,SAVA,5446191,105.7281,111.2,,,97.928,1.63E+12,71432
17-08-2021,CAN,4925652,8.1074,8.22,,,7.77,1.63E+12,25514
17-08-2021,CFX,556047,48.2171,48.21,,,47.61,1.63E+12,7691
17-08-2021,EXPD,784653,123.9193,125,,,122.7,1.63E+12,11977
17-08-2021,FITB,4718799,37.7123,37.83,,,37.32,1.63E+12,45008
17-08-2021,PGNY,678604,43.5549,45.01,,,42.66,1.63E+12,10147
17-08-2021,WSFS,188315,45.1172,45.21,,,44.55,1.63E+12,4030
17-08-2021,CIL,2657,45.8079,45.9,,,45.82,1.63E+12,63
17-08-2021,NEGG,493269,16.8869,17.6,,,16.34,1.63E+12,5273
17-08-2021,EMQQ,404766,49.1465,49.05,,,48.64,1.63E+12,2922
17-08-2021,TH,62476,3.3629,3.39,,,3.2501,1.63E+12,866
17-08-2021,PEG,1494249,64.5182,64.54,,,64.04,1.63E+12,18075
17-08-2021,ARRW,1674,9.6409,9.67,,,9.63,1.63E+12,17
17-08-2021,CNXT,25338,49.454,49.54,,,49.34,1.63E+12,224